Timestamp,SourceAddr,SenderAddr,Payload,RSSI,HopCount
15:59:01.500,0x00be,0x00be,1,-61,0
15:59:31.771,0x00be,0x00be,1,-56,0
15:59:32.486,0x00be,0x00be,65535,-49,0
15:59:33.502,0x00be,0x00be,2,-55,0
15:59:34.076,0x00be,0x00be,3,-48,0
15:59:34.527,0x00be,0x00be,4,-46,0
15:59:34.884,0x00be,0x00be,5,-47,0
15:59:38.974,0x00be,0x00be,6,-54,0
15:59:39.425,0x00be,0x00be,7,-53,0
15:59:39.839,0x00be,0x00be,8,-46,0
15:59:40.199,0x00be,0x00be,9,-47,0
15:59:40.626,0x00be,0x00be,10,-46,0
15:59:41.280,0x00be,0x00be,11,-46,0
15:59:45.707,0x00be,0x00be,12,-48,0
15:59:46.102,0x00be,0x00be,13,-54,0
15:59:46.544,0x00be,0x00be,14,-53,0
15:59:46.993,0x00be,0x00be,15,-53,0
15:59:50.853,0x00be,0x00be,1,-56,0
15:59:51.288,0x00be,0x00be,2,-52,0
15:59:51.702,0x00be,0x00be,3,-50,0
15:59:52.290,0x00be,0x00be,4,-61,0
15:59:55.421,0x00be,0x00be,5,-49,0
15:59:55.799,0x00be,0x00be,6,-51,0
15:59:56.267,0x00be,0x00be,7,-57,0
15:59:56.321,0x00be,0x00be,65535,-50,0
15:59:56.917,0x00be,0x00be,8,-62,0
16:00:01.520,0x00be,0x00be,9,-49,0
16:00:02.268,0x00be,0x00be,10,-50,0
16:00:03.106,0x00be,0x00be,11,-55,0
16:00:03.834,0x00be,0x00be,12,-56,0
16:00:04.497,0x00be,0x00be,13,-48,0
16:00:05.077,0x00be,0x00be,14,-56,0
16:00:05.730,0x00be,0x00be,15,-55,0
16:00:06.253,0x00be,0x00be,16,-56,0
16:00:06.773,0x00be,0x00be,17,-49,0
16:00:07.271,0x00be,0x00be,18,-49,0
16:00:07.787,0x00be,0x00be,19,-55,0
16:00:08.251,0x00be,0x00be,20,-49,0
16:00:08.696,0x00be,0x00be,21,-55,0
16:00:09.173,0x00be,0x00be,22,-49,0
16:00:09.666,0x00be,0x00be,23,-55,0
16:00:10.948,0x00be,0x00be,24,-57,0
16:00:11.474,0x00be,0x00be,25,-56,0
16:00:12.035,0x00be,0x00be,26,-50,0
16:00:12.647,0x00be,0x00be,27,-55,0
16:00:18.964,0x00be,0x00be,28,-51,0
