Timestamp,Type,SourceAddr,SenderAddr,Seq_or_TxCount,RSSI,HopCount,Latency_ms,BeaconTx,HeartbeatTx,RouteChanges,Rx_Unique_Count,PDR_Percent
16:53:37.055,EVENT,TEST_START,Duration_ms=120000,,,,,,,,,
16:53:39.327,DATA,0x0003,0x0003,1,-61,1,0,,,,,
16:53:39.338,DATA,0x0013,0x0013,1,-65,1,186,,,,,
16:53:39.384,DATA,0x0034,0x0019,1,-66,2,228,,,,,
16:53:39.471,DATA,0x0023,0x0023,1,-45,1,337,,,,,
16:53:39.717,DATA,0x0003,0x0003,1,-58,1,82,,,,,
16:53:39.906,DATA,0x0013,0x0013,1,-60,1,156,,,,,
16:53:41.228,DATA,0x0020,0x0003,2,-60,2,198,,,,,
16:53:41.338,DATA,0x0023,0x0023,2,-45,1,175,,,,,
16:53:41.557,DATA,0x0034,0x0019,2,-71,2,516,,,,,
16:53:41.773,DATA,0x0003,0x0003,2,-55,1,75,,,,,
16:53:41.925,DATA,0x0013,0x0013,2,-62,1,68,,,,,
16:53:43.381,DATA,0x0034,0x0019,3,-64,2,242,,,,,
16:53:43.533,DATA,0x0023,0x0023,3,-51,1,179,,,,,
16:53:43.919,DATA,0x0003,0x0003,3,-59,1,76,,,,,
16:53:44.109,DATA,0x0013,0x0013,3,-58,1,77,,,,,
16:53:45.564,DATA,0x0034,0x0019,4,-62,2,280,,,,,
16:53:45.723,DATA,0x0023,0x0023,4,-46,1,179,,,,,
16:53:45.807,DATA,0x0020,0x0019,4,-70,2,445,,,,,
16:53:45.964,DATA,0x0003,0x0003,4,-58,1,79,,,,,
16:53:46.220,DATA,0x0013,0x0013,4,-63,1,67,,,,,
16:53:47.598,DATA,0x0020,0x0019,5,-64,2,232,,,,,
16:53:47.756,DATA,0x0034,0x0013,5,-58,2,313,,,,,
16:53:47.851,DATA,0x0023,0x0023,5,-46,1,180,,,,,
16:53:47.962,DATA,0x0003,0x0003,5,-57,1,80,,,,,
16:53:48.325,DATA,0x0013,0x0013,5,-59,1,72,,,,,
16:53:49.738,DATA,0x0034,0x0013,6,-60,2,233,,,,,
16:53:49.807,DATA,0x0023,0x0023,6,-45,1,75,,,,,
16:53:49.985,DATA,0x0020,0x0019,6,-72,2,568,,,,,
16:53:50.089,DATA,0x0003,0x0003,6,-73,1,82,,,,,
16:53:50.426,DATA,0x0013,0x0013,6,-60,1,73,,,,,
16:53:51.886,DATA,0x0020,0x0019,7,-76,2,274,,,,,
16:53:52.037,DATA,0x0023,0x0023,7,-44,1,280,,,,,
16:53:52.181,DATA,0x0003,0x0003,7,-60,1,78,,,,,
16:53:52.549,DATA,0x0013,0x0013,7,-62,1,66,,,,,
16:53:53.863,DATA,0x0023,0x0023,8,-46,1,72,,,,,
16:53:53.983,DATA,0x0020,0x0019,8,-73,2,326,,,,,
16:53:54.278,DATA,0x0003,0x0003,8,-59,1,80,,,,,
16:53:54.603,DATA,0x0013,0x0013,8,-61,1,68,,,,,
16:53:55.967,DATA,0x0020,0x0019,9,-71,2,203,,,,,
16:53:56.126,DATA,0x0023,0x0023,9,-46,1,176,,,,,
16:53:56.378,DATA,0x0034,0x0013,9,-57,2,468,,,,,
16:53:56.438,DATA,0x0003,0x0003,9,-59,1,86,,,,,
16:53:56.730,DATA,0x0013,0x0013,9,-63,1,73,,,,,
16:53:58.106,DATA,0x0020,0x0019,10,-74,2,196,,,,,
16:53:58.234,DATA,0x0034,0x0013,10,-63,2,321,,,,,
16:53:58.398,DATA,0x0023,0x0023,10,-46,1,331,,,,,
16:53:58.561,DATA,0x0003,0x0003,10,-67,1,74,,,,,
16:53:58.888,DATA,0x0013,0x0013,10,-57,1,67,,,,,
16:54:00.082,DATA,0x0019,0x0019,11,-72,1,0,,,,,
16:54:00.219,DATA,0x0023,0x0023,11,-50,1,69,,,,,
16:54:00.304,DATA,0x0034,0x0013,11,-60,2,308,,,,,
16:54:00.512,DATA,0x0020,0x0019,11,-62,2,476,,,,,
16:54:00.584,DATA,0x0003,0x0003,11,-59,1,76,,,,,
16:54:01.046,DATA,0x0013,0x0013,11,-57,1,80,,,,,
16:54:02.127,DATA,0x0019,0x0019,12,-61,1,0,,,,,
16:54:02.274,DATA,0x0023,0x0023,12,-46,1,101,,,,,
16:54:02.525,DATA,0x0034,0x0013,12,-60,2,461,,,,,
16:54:02.696,DATA,0x0003,0x0003,12,-67,1,78,,,,,
16:54:03.113,DATA,0x0013,0x0013,12,-57,1,66,,,,,
16:54:04.344,DATA,0x0019,0x0019,13,-71,1,40,,,,,
16:54:04.545,DATA,0x0023,0x0023,13,-50,1,338,,,,,
16:54:04.722,DATA,0x0034,0x0013,13,-63,2,625,,,,,
16:54:04.884,DATA,0x0003,0x0003,13,-59,1,76,,,,,
16:54:05.283,DATA,0x0013,0x0013,13,-63,1,102,,,,,
16:54:06.341,DATA,0x0034,0x0019,14,-62,2,204,,,,,
16:54:06.399,DATA,0x0023,0x0023,14,-50,1,78,,,,,
16:54:06.623,DATA,0x0020,0x0013,14,-57,2,348,,,,,
16:54:06.992,DATA,0x0003,0x0003,14,-59,1,83,,,,,
16:54:07.328,DATA,0x0013,0x0013,14,-57,1,77,,,,,
16:54:08.411,DATA,0x0034,0x0019,15,-71,2,202,,,,,
16:54:08.521,DATA,0x0020,0x0013,15,-63,2,213,,,,,
16:54:08.686,DATA,0x0023,0x0023,15,-46,1,185,,,,,
16:54:09.120,DATA,0x0003,0x0003,15,-67,1,81,,,,,
16:54:09.385,DATA,0x0013,0x0013,15,-60,1,75,,,,,
16:54:10.593,DATA,0x0034,0x0019,16,-69,2,201,,,,,
16:54:10.619,DATA,0x0023,0x0023,16,-50,1,90,,,,,
16:54:10.906,DATA,0x0020,0x0019,16,-68,2,412,,,,,
16:54:11.306,DATA,0x0003,0x0003,16,-59,1,75,,,,,
16:54:11.571,DATA,0x0013,0x0013,16,-60,1,75,,,,,
16:54:12.700,DATA,0x0023,0x0023,17,-50,1,77,,,,,
16:54:12.822,DATA,0x0034,0x0019,17,-61,2,268,,,,,
16:54:13.429,DATA,0x0003,0x0003,17,-60,1,79,,,,,
16:54:13.707,DATA,0x0013,0x0013,17,-63,1,77,,,,,
16:54:14.879,DATA,0x0023,0x0023,18,-46,1,74,,,,,
16:54:15.054,DATA,0x0034,0x0019,18,-67,2,372,,,,,
16:54:15.525,DATA,0x0003,0x0003,18,-59,1,99,,,,,
16:54:15.892,DATA,0x0013,0x0013,18,-57,1,70,,,,,
16:54:17.023,DATA,0x0034,0x0013,19,-60,2,207,,,,,
16:54:17.108,DATA,0x0023,0x0023,19,-50,1,181,,,,,
16:54:17.269,DATA,0x0019,0x0019,19,-70,1,218,,,,,
16:54:17.527,DATA,0x0003,0x0003,19,-68,1,78,,,,,
16:54:17.992,DATA,0x0013,0x0013,19,-63,1,72,,,,,
16:54:19.022,DATA,0x0023,0x0023,20,-50,1,69,,,,,
16:54:19.160,DATA,0x0034,0x0013,20,-60,2,294,,,,,
16:54:19.289,DATA,0x0020,0x0019,20,-68,2,302,,,,,
16:54:19.623,DATA,0x0003,0x0003,20,-60,1,75,,,,,
16:54:20.149,DATA,0x0013,0x0013,20,-63,1,71,,,,,
16:54:21.086,DATA,0x0023,0x0023,21,-46,1,67,,,,,
16:54:21.277,DATA,0x0019,0x0019,21,-62,1,0,,,,,
16:54:21.510,DATA,0x0034,0x0013,21,-63,2,471,,,,,
16:54:21.704,DATA,0x0003,0x0003,21,-59,1,106,,,,,
16:54:22.280,DATA,0x0013,0x0013,21,-60,1,97,,,,,
16:54:23.093,DATA,0x0023,0x0023,22,-46,1,74,,,,,
16:54:23.300,DATA,0x0034,0x0013,22,-61,2,204,,,,,
16:54:23.422,DATA,0x0020,0x0019,22,-63,2,208,,,,,
16:54:23.853,DATA,0x0003,0x0003,22,-65,1,80,,,,,
16:54:24.332,DATA,0x0013,0x0013,22,-64,1,75,,,,,
16:54:25.184,DATA,0x0023,0x0023,23,-46,1,73,,,,,
16:54:25.416,DATA,0x0034,0x0019,23,-72,2,196,,,,,
16:54:26.105,DATA,0x0003,0x0003,23,-67,1,154,,,,,
16:54:26.457,DATA,0x0013,0x0013,23,-61,1,70,,,,,
16:54:27.334,DATA,0x0023,0x0023,24,-46,1,75,,,,,
16:54:27.528,DATA,0x0034,0x0019,24,-65,2,258,,,,,
16:54:28.087,DATA,0x0003,0x0003,24,-65,1,80,,,,,
16:54:28.636,DATA,0x0013,0x0013,24,-62,1,73,,,,,
16:54:29.404,DATA,0x0023,0x0023,25,-46,1,69,,,,,
16:54:29.515,DATA,0x0034,0x0019,25,-62,2,209,,,,,
16:54:29.761,DATA,0x0020,0x0019,25,-62,2,202,,,,,
16:54:30.162,DATA,0x0003,0x0003,25,-65,1,80,,,,,
16:54:30.782,DATA,0x0013,0x0013,25,-62,1,70,,,,,
16:54:31.574,DATA,0x0023,0x0023,26,-46,1,104,,,,,
16:54:31.723,DATA,0x0034,0x0013,26,-62,2,319,,,,,
16:54:31.833,DATA,0x0020,0x0019,26,-65,2,213,,,,,
16:54:32.233,DATA,0x0003,0x0003,26,-67,1,81,,,,,
16:54:32.801,DATA,0x0013,0x0013,26,-63,1,73,,,,,
16:54:33.554,DATA,0x0023,0x0023,27,-45,1,69,,,,,
16:54:33.777,DATA,0x0034,0x0013,27,-64,2,295,,,,,
16:54:33.951,DATA,0x0020,0x0019,27,-75,2,207,,,,,
16:54:34.329,DATA,0x0003,0x0003,27,-58,1,101,,,,,
16:54:34.911,DATA,0x0013,0x0013,27,-57,1,100,,,,,
16:54:35.739,DATA,0x0023,0x0023,28,-46,1,69,,,,,
16:54:36.021,DATA,0x0034,0x0019,28,-69,2,459,,,,,
16:54:36.503,DATA,0x0003,0x0003,28,-58,1,78,,,,,
16:54:36.894,DATA,0x0013,0x0013,28,-56,1,73,,,,,
16:54:37.791,DATA,0x0034,0x0019,29,-68,2,204,,,,,
16:54:37.899,DATA,0x0023,0x0023,29,-46,1,70,,,,,
16:54:38.014,DATA,0x0019,0x0019,29,-64,1,0,,,,,
16:54:38.206,DATA,0x0020,0x0003,29,-71,2,201,,,,,
16:54:38.646,DATA,0x0003,0x0003,29,-58,1,81,,,,,
16:54:39.040,DATA,0x0013,0x0013,29,-57,1,75,,,,,
16:54:39.942,DATA,0x0034,0x0019,30,-62,2,218,,,,,
16:54:40.009,DATA,0x0023,0x0023,30,-50,1,70,,,,,
16:54:40.092,DATA,0x0019,0x0019,30,-66,1,0,,,,,
16:54:40.296,DATA,0x0020,0x0003,30,-60,2,203,,,,,
16:54:40.811,DATA,0x0003,0x0003,30,-58,1,100,,,,,
16:54:41.105,DATA,0x0013,0x0013,30,-56,1,96,,,,,
16:54:42.116,DATA,0x0034,0x0019,31,-64,2,196,,,,,
16:54:42.199,DATA,0x0023,0x0023,31,-46,1,71,,,,,
16:54:42.532,DATA,0x0020,0x0019,31,-70,2,213,,,,,
16:54:42.914,DATA,0x0003,0x0003,31,-61,1,88,,,,,
16:54:43.271,DATA,0x0013,0x0013,31,-57,1,72,,,,,
16:54:44.195,DATA,0x0034,0x0019,32,-71,2,193,,,,,
16:54:44.325,DATA,0x0023,0x0023,32,-50,1,175,,,,,
16:54:44.518,DATA,0x0020,0x0019,32,-65,2,199,,,,,
16:54:45.077,DATA,0x0003,0x0003,32,-62,1,79,,,,,
16:54:45.332,DATA,0x0013,0x0013,32,-57,1,70,,,,,
16:54:46.238,DATA,0x0034,0x0019,33,-64,2,195,,,,,
16:54:46.380,DATA,0x0023,0x0023,33,-50,1,186,,,,,
16:54:46.496,DATA,0x0019,0x0019,33,-65,1,74,,,,,
16:54:46.672,DATA,0x0020,0x0003,33,-65,2,314,,,,,
16:54:47.180,DATA,0x0003,0x0003,33,-65,1,80,,,,,
16:54:47.486,DATA,0x0013,0x0013,33,-63,1,68,,,,,
16:54:48.284,DATA,0x0023,0x0023,34,-46,1,69,,,,,
16:54:48.350,DATA,0x0034,0x0019,34,-64,2,203,,,,,
16:54:48.556,DATA,0x0020,0x0003,34,-65,2,225,,,,,
16:54:49.214,DATA,0x0003,0x0003,34,-59,1,76,,,,,
16:54:49.617,DATA,0x0013,0x0013,34,-61,1,71,,,,,
16:54:50.390,DATA,0x0034,0x0019,35,-64,2,209,,,,,
16:54:50.585,DATA,0x0023,0x0023,35,-46,1,219,,,,,
16:54:50.705,DATA,0x0020,0x0003,35,-68,2,197,,,,,
16:54:51.402,DATA,0x0003,0x0003,35,-59,1,74,,,,,
16:54:51.809,DATA,0x0013,0x0013,35,-62,1,68,,,,,
16:54:52.446,DATA,0x0034,0x0019,36,-64,2,233,,,,,
16:54:52.609,DATA,0x0019,0x0019,36,-76,1,0,,,,,
16:54:52.696,DATA,0x0023,0x0023,36,-46,1,333,,,,,
16:54:52.818,DATA,0x0020,0x0019,36,-67,2,210,,,,,
16:54:53.529,DATA,0x0003,0x0003,36,-59,1,83,,,,,
16:54:53.887,DATA,0x0013,0x0013,36,-63,1,100,,,,,
16:54:54.508,DATA,0x0034,0x0019,37,-67,2,202,,,,,
16:54:54.583,DATA,0x0023,0x0023,37,-46,1,69,,,,,
16:54:54.914,DATA,0x0020,0x0019,37,-63,2,193,,,,,
16:54:55.651,DATA,0x0003,0x0003,37,-69,1,144,,,,,
16:54:56.041,DATA,0x0013,0x0013,37,-63,1,88,,,,,
16:54:56.588,DATA,0x0023,0x0023,38,-51,1,71,,,,,
16:54:56.750,DATA,0x0034,0x0019,38,-69,2,342,,,,,
16:54:57.063,DATA,0x0020,0x0013,38,-63,2,225,,,,,
16:54:57.726,DATA,0x0003,0x0003,38,-71,1,81,,,,,
16:54:58.058,DATA,0x0013,0x0013,38,-58,1,75,,,,,
16:54:58.701,DATA,0x0034,0x0019,39,-63,2,208,,,,,
16:54:58.841,DATA,0x0023,0x0023,39,-51,1,174,,,,,
16:54:58.962,DATA,0x0019,0x0019,39,-63,1,76,,,,,
16:54:59.177,DATA,0x0020,0x0013,39,-61,2,198,,,,,
16:54:59.906,DATA,0x0003,0x0003,39,-59,1,75,,,,,
16:55:00.095,DATA,0x0013,0x0013,39,-64,1,76,,,,,
16:55:00.793,DATA,0x0034,0x0013,40,-64,2,248,,,,,
16:55:00.918,DATA,0x0023,0x0023,40,-50,1,192,,,,,
16:55:01.040,DATA,0x0019,0x0019,40,-76,1,0,,,,,
16:55:01.445,DATA,0x0020,0x0019,40,-80,2,278,,,,,
16:55:01.989,DATA,0x0003,0x0003,40,-61,1,76,,,,,
16:55:02.204,DATA,0x0013,0x0013,40,-58,1,69,,,,,
16:55:02.909,DATA,0x0034,0x0013,41,-59,2,226,,,,,
16:55:03.086,DATA,0x0019,0x0019,41,-63,1,0,,,,,
16:55:03.165,DATA,0x0023,0x0023,41,-50,1,339,,,,,
16:55:03.487,DATA,0x0020,0x0019,41,-74,2,202,,,,,
16:55:04.024,DATA,0x0003,0x0003,41,-65,1,82,,,,,
16:55:04.209,DATA,0x0013,0x0013,41,-62,1,70,,,,,
16:55:04.906,DATA,0x0034,0x0013,42,-63,2,209,,,,,
16:55:05.043,DATA,0x0023,0x0023,42,-45,1,68,,,,,
16:55:05.176,DATA,0x0019,0x0019,42,-67,1,0,,,,,
16:55:05.691,DATA,0x0020,0x0019,42,-80,2,324,,,,,
16:55:06.216,DATA,0x0003,0x0003,42,-64,1,77,,,,,
16:55:06.314,DATA,0x0013,0x0013,42,-63,1,73,,,,,
16:55:07.037,DATA,0x0034,0x0013,43,-61,2,202,,,,,
16:55:07.157,DATA,0x0023,0x0023,43,-50,1,71,,,,,
16:55:07.292,DATA,0x0019,0x0019,43,-77,1,0,,,,,
16:55:07.678,DATA,0x0020,0x0013,43,-57,2,201,,,,,
16:55:08.274,DATA,0x0003,0x0003,43,-67,1,76,,,,,
16:55:08.513,DATA,0x0013,0x0013,43,-62,1,70,,,,,
16:55:09.205,DATA,0x0034,0x0013,44,-65,2,194,,,,,
16:55:09.373,DATA,0x0023,0x0023,44,-46,1,185,,,,,
16:55:09.617,DATA,0x0019,0x0019,44,-65,1,222,,,,,
16:55:09.804,DATA,0x0020,0x0013,44,-57,2,272,,,,,
16:55:10.314,DATA,0x0003,0x0003,44,-60,1,79,,,,,
16:55:10.662,DATA,0x0013,0x0013,44,-62,1,133,,,,,
16:55:11.275,DATA,0x0034,0x0013,45,-64,2,222,,,,,
16:55:11.474,DATA,0x0023,0x0023,45,-50,1,230,,,,,
16:55:11.627,DATA,0x0019,0x0019,45,-73,1,63,,,,,
16:55:11.797,DATA,0x0020,0x0013,45,-63,2,243,,,,,
16:55:12.418,DATA,0x0003,0x0003,45,-64,1,76,,,,,
16:55:12.761,DATA,0x0013,0x0013,45,-57,1,68,,,,,
16:55:13.326,DATA,0x0034,0x0013,46,-63,2,209,,,,,
16:55:13.496,DATA,0x0023,0x0023,46,-46,1,78,,,,,
16:55:13.721,DATA,0x0019,0x0019,46,-70,1,0,,,,,
16:55:13.920,DATA,0x0020,0x0013,46,-58,2,200,,,,,
16:55:14.547,DATA,0x0003,0x0003,46,-59,1,75,,,,,
16:55:14.860,DATA,0x0013,0x0013,46,-63,1,69,,,,,
16:55:15.383,DATA,0x0034,0x0003,47,-60,2,211,,,,,
16:55:15.680,DATA,0x0023,0x0023,47,-50,1,72,,,,,
16:55:15.919,DATA,0x0019,0x0019,47,-64,1,45,,,,,
16:55:16.109,DATA,0x0020,0x0019,47,-67,2,198,,,,,
16:55:16.618,DATA,0x0003,0x0003,47,-58,1,80,,,,,
16:55:16.952,DATA,0x0013,0x0013,47,-64,1,68,,,,,
16:55:17.411,DATA,0x0034,0x0019,48,-69,2,202,,,,,
16:55:17.867,DATA,0x0023,0x0023,48,-50,1,81,,,,,
16:55:17.953,DATA,0x0019,0x0019,48,-69,1,0,,,,,
16:55:18.230,DATA,0x0020,0x0019,48,-64,2,208,,,,,
16:55:18.746,DATA,0x0003,0x0003,48,-62,1,101,,,,,
16:55:19.021,DATA,0x0013,0x0013,48,-62,1,75,,,,,
16:55:19.426,DATA,0x0034,0x0019,49,-73,2,221,,,,,
16:55:19.898,DATA,0x0023,0x0023,49,-46,1,69,,,,,
16:55:20.062,DATA,0x0019,0x0019,49,-64,1,0,,,,,
16:55:20.346,DATA,0x0020,0x0019,49,-64,2,205,,,,,
16:55:20.816,DATA,0x0003,0x0003,49,-62,1,83,,,,,
16:55:21.136,DATA,0x0013,0x0013,49,-62,1,119,,,,,
16:55:21.924,DATA,0x0023,0x0023,50,-46,1,80,,,,,
16:55:22.126,DATA,0x0019,0x0019,50,-65,1,0,,,,,
16:55:22.549,DATA,0x0020,0x0003,50,-55,2,205,,,,,
16:55:22.882,DATA,0x0003,0x0003,50,-64,1,74,,,,,
16:55:23.223,DATA,0x0013,0x0013,50,-55,1,72,,,,,
16:55:23.786,DATA,0x0034,0x0003,51,-62,2,298,,,,,
16:55:24.011,DATA,0x0023,0x0023,51,-51,1,70,,,,,
16:55:24.191,DATA,0x0019,0x0019,51,-66,1,0,,,,,
16:55:24.522,DATA,0x0020,0x0003,51,-65,2,208,,,,,
16:55:24.980,DATA,0x0003,0x0003,51,-62,1,84,,,,,
16:55:25.409,DATA,0x0013,0x0013,51,-59,1,69,,,,,
16:55:26.105,DATA,0x0023,0x0023,52,-45,1,67,,,,,
16:55:26.348,DATA,0x0019,0x0019,52,-68,1,0,,,,,
16:55:26.593,DATA,0x0020,0x0019,52,-73,2,208,,,,,
16:55:27.015,DATA,0x0003,0x0003,52,-54,1,89,,,,,
16:55:27.422,DATA,0x0013,0x0013,52,-59,1,72,,,,,
16:55:27.730,DATA,0x0034,0x0019,53,-71,2,186,,,,,
16:55:28.214,DATA,0x0023,0x0023,53,-45,1,70,,,,,
16:55:28.541,DATA,0x0019,0x0019,53,-70,1,0,,,,,
16:55:28.746,DATA,0x0020,0x0019,53,-79,2,198,,,,,
16:55:29.183,DATA,0x0003,0x0003,53,-59,1,78,,,,,
16:55:29.548,DATA,0x0013,0x0013,53,-61,1,72,,,,,
16:55:29.845,DATA,0x0034,0x0019,54,-76,2,189,,,,,
16:55:30.410,DATA,0x0023,0x0023,54,-50,1,102,,,,,
16:55:30.645,DATA,0x0019,0x0019,54,-77,1,0,,,,,
16:55:30.927,DATA,0x0020,0x0019,54,-75,2,213,,,,,
16:55:31.271,DATA,0x0003,0x0003,54,-55,1,79,,,,,
16:55:31.689,DATA,0x0013,0x0013,54,-60,1,71,,,,,
16:55:31.904,DATA,0x0034,0x0019,55,-73,2,225,,,,,
16:55:32.479,DATA,0x0023,0x0023,55,-45,1,93,,,,,
16:55:32.898,DATA,0x0019,0x0019,55,-67,1,17,,,,,
16:55:33.369,DATA,0x0003,0x0003,55,-58,1,77,,,,,
16:55:33.873,DATA,0x0013,0x0013,55,-62,1,72,,,,,
16:55:33.991,DATA,0x0034,0x0019,56,-62,2,197,,,,,
16:55:34.599,DATA,0x0023,0x0023,56,-51,1,76,,,,,
16:55:35.042,DATA,0x0020,0x0019,56,-71,2,211,,,,,
16:55:35.541,DATA,0x0003,0x0003,56,-67,1,74,,,,,
16:55:36.080,DATA,0x0013,0x0013,56,-57,1,70,,,,,
16:55:36.328,DATA,0x0034,0x0019,57,-67,2,454,,,,,
16:55:36.659,DATA,0x0023,0x0023,57,-50,1,73,,,,,
16:55:37.124,EVENT,TEST_STOP,Finished,,,,,,,,,
16:55:39.383,REPORT,0x0019,,82,,,,12,0,0,26,31.71
16:55:40.579,REPORT,0x0023,,56,,,,12,0,0,57,101.79
16:55:40.817,REPORT,0x0003,,67,,,,12,0,0,56,83.58
16:55:40.960,REPORT,0x0013,,85,,,,12,0,0,56,65.88
16:56:28.001,HEARTBEAT,0x0023,0x0023,,-45,1,,,,,,
16:56:28.067,EVENT,TEST_START,Duration_ms=120000,,,,,,,,,
16:56:30.728,DATA,0x0013,0x0013,1,-57,1,0,,,,,
16:56:31.598,DATA,0x0019,0x0019,1,-74,1,123,,,,,
16:56:31.630,DATA,0x0023,0x0023,1,-48,1,202,,,,,
16:56:31.675,DATA,0x0020,0x0013,1,-64,2,326,,,,,
16:56:31.687,DATA,0x0019,0x0019,1,-64,1,216,,,,,
16:56:31.727,DATA,0x0003,0x0003,1,-79,1,198,,,,,
16:56:31.733,DATA,0x0023,0x0023,1,-48,1,92,,,,,
16:56:31.765,DATA,0x0013,0x0013,1,-65,1,62,,,,,
16:56:31.779,DATA,0x0020,0x0013,1,-66,2,213,,,,,
16:56:31.786,DATA,0x0034,0x0019,1,-64,2,357,,,,,
16:56:32.555,DATA,0x0019,0x0019,2,-65,1,73,,,,,
16:56:32.678,DATA,0x0003,0x0003,2,-58,1,61,,,,,
16:56:32.984,DATA,0x0023,0x0023,2,-48,1,90,,,,,
16:56:33.139,DATA,0x0013,0x0013,2,-57,1,178,,,,,
16:56:33.432,DATA,0x0034,0x0019,2,-70,2,221,,,,,
16:56:33.589,DATA,0x0020,0x0013,2,-58,2,325,,,,,
16:56:34.725,DATA,0x0019,0x0019,3,-67,1,69,,,,,
16:56:34.845,DATA,0x0003,0x0003,3,-59,1,61,,,,,
16:56:35.068,DATA,0x0023,0x0023,3,-53,1,115,,,,,
16:56:35.316,DATA,0x0013,0x0013,3,-60,1,330,,,,,
16:56:35.616,DATA,0x0020,0x0019,3,-78,2,266,,,,,
16:56:35.805,DATA,0x0034,0x0019,3,-67,2,399,,,,,
16:56:36.770,DATA,0x0019,0x0019,4,-67,1,62,,,,,
16:56:36.914,DATA,0x0003,0x0003,4,-62,1,104,,,,,
16:56:37.079,DATA,0x0013,0x0013,4,-58,1,78,,,,,
16:56:37.697,DATA,0x0034,0x0019,4,-67,2,205,,,,,
16:56:37.859,DATA,0x0020,0x0013,4,-60,2,324,,,,,
16:56:38.816,DATA,0x0019,0x0019,5,-77,1,71,,,,,
16:56:38.941,DATA,0x0003,0x0003,5,-61,1,65,,,,,
16:56:39.268,DATA,0x0013,0x0013,5,-61,1,72,,,,,
16:56:39.841,DATA,0x0034,0x0019,5,-67,2,206,,,,,
16:56:39.916,DATA,0x0020,0x0013,5,-62,2,242,,,,,
16:56:40.999,DATA,0x0019,0x0019,6,-74,1,64,,,,,
16:56:41.167,DATA,0x0003,0x0003,6,-71,1,123,,,,,
16:56:41.260,DATA,0x0013,0x0013,6,-58,1,63,,,,,
16:56:41.619,DATA,0x0023,0x0023,4,-48,1,118,,,,,
16:56:41.990,DATA,0x0034,0x0003,6,-60,2,201,,,,,
16:56:42.193,DATA,0x0020,0x0019,6,-75,2,404,,,,,
16:56:42.310,HEARTBEAT,0x0023,0x0023,,-48,1,,,,,,
16:56:43.079,DATA,0x0019,0x0019,7,-66,1,64,,,,,
16:56:43.271,DATA,0x0003,0x0003,7,-60,1,67,,,,,
16:56:43.419,DATA,0x0013,0x0013,7,-60,1,62,,,,,
16:56:43.747,DATA,0x0023,0x0023,5,-48,1,121,,,,,
16:56:44.200,DATA,0x0034,0x0003,7,-62,2,325,,,,,
16:56:44.335,DATA,0x0020,0x0019,7,-65,2,485,,,,,
16:56:45.137,DATA,0x0019,0x0019,8,-70,1,68,,,,,
16:56:45.362,DATA,0x0003,0x0003,8,-61,1,62,,,,,
16:56:45.573,DATA,0x0013,0x0013,8,-62,1,62,,,,,
16:56:45.924,DATA,0x0023,0x0023,6,-48,1,112,,,,,
16:56:46.180,DATA,0x0020,0x0019,8,-66,2,285,,,,,
16:56:47.270,DATA,0x0019,0x0019,9,-70,1,65,,,,,
16:56:47.492,DATA,0x0003,0x0003,9,-60,1,111,,,,,
16:56:47.669,DATA,0x0013,0x0013,9,-64,1,68,,,,,
16:56:48.109,DATA,0x0023,0x0023,7,-48,1,122,,,,,
16:56:48.267,DATA,0x0020,0x0019,9,-70,2,338,,,,,
16:56:49.349,DATA,0x0019,0x0019,10,-65,1,60,,,,,
16:56:49.546,DATA,0x0003,0x0003,10,-60,1,71,,,,,
16:56:49.846,DATA,0x0013,0x0013,10,-62,1,114,,,,,
16:56:50.225,DATA,0x0023,0x0023,8,-52,1,95,,,,,
16:56:50.364,DATA,0x0020,0x0019,10,-68,2,283,,,,,
16:56:51.346,DATA,0x0019,0x0019,11,-65,1,60,,,,,
16:56:51.690,DATA,0x0003,0x0003,11,-62,1,68,,,,,
16:56:51.928,DATA,0x0013,0x0013,11,-63,1,68,,,,,
16:56:52.312,HEARTBEAT,0x0023,0x0023,,-53,1,,,,,,
16:56:52.475,DATA,0x0020,0x0013,11,-59,2,219,,,,,
16:56:52.569,DATA,0x0034,0x0019,11,-64,2,205,,,,,
16:56:53.520,DATA,0x0019,0x0019,12,-65,1,63,,,,,
16:56:53.858,DATA,0x0003,0x0003,12,-64,1,67,,,,,
16:56:54.025,DATA,0x0013,0x0013,12,-64,1,71,,,,,
16:56:54.533,DATA,0x0023,0x0023,10,-48,1,91,,,,,
16:56:54.614,DATA,0x0020,0x0013,12,-58,2,217,,,,,
16:56:54.811,DATA,0x0034,0x0019,12,-67,2,467,,,,,
16:56:55.736,DATA,0x0019,0x0019,13,-67,1,164,,,,,
16:56:56.075,DATA,0x0003,0x0003,13,-72,1,152,,,,,
16:56:56.110,DATA,0x0013,0x0013,13,-63,1,67,,,,,
16:56:56.620,DATA,0x0023,0x0023,11,-48,1,91,,,,,
16:56:56.842,DATA,0x0034,0x0019,13,-65,2,388,,,,,
16:56:57.644,DATA,0x0019,0x0019,14,-65,1,64,,,,,
16:56:58.063,DATA,0x0003,0x0003,14,-79,1,95,,,,,
16:56:58.178,DATA,0x0013,0x0013,14,-62,1,61,,,,,
16:56:58.778,DATA,0x0023,0x0023,12,-48,1,87,,,,,
16:56:58.895,DATA,0x0034,0x0019,14,-66,2,257,,,,,
16:56:59.649,DATA,0x0019,0x0019,15,-68,1,68,,,,,
16:57:00.067,DATA,0x0003,0x0003,15,-63,1,67,,,,,
16:57:00.244,DATA,0x0013,0x0013,15,-62,1,71,,,,,
16:57:00.905,DATA,0x0034,0x0019,15,-69,2,191,,,,,
16:57:01.006,DATA,0x0023,0x0023,13,-47,1,199,,,,,
16:57:01.166,DATA,0x0020,0x0013,15,-57,2,484,,,,,
16:57:01.831,DATA,0x0019,0x0019,16,-69,1,65,,,,,
16:57:02.224,DATA,0x0003,0x0003,16,-80,1,98,,,,,
16:57:02.435,DATA,0x0013,0x0013,16,-58,1,67,,,,,
16:57:02.922,DATA,0x0023,0x0023,14,-48,1,91,,,,,
16:57:02.966,DATA,0x0034,0x0019,16,-65,2,206,,,,,
16:57:03.098,DATA,0x0020,0x0013,16,-61,2,350,,,,,
16:57:03.989,DATA,0x0019,0x0019,17,-80,1,64,,,,,
16:57:04.247,DATA,0x0003,0x0003,17,-72,1,63,,,,,
16:57:04.634,DATA,0x0013,0x0013,17,-61,1,66,,,,,
16:57:04.989,DATA,0x0023,0x0023,15,-48,1,93,,,,,
16:57:05.158,DATA,0x0034,0x0019,17,-63,2,201,,,,,
16:57:05.292,DATA,0x0020,0x0013,17,-63,2,355,,,,,
16:57:06.020,DATA,0x0019,0x0019,18,-62,1,61,,,,,
16:57:06.361,DATA,0x0003,0x0003,18,-62,1,61,,,,,
16:57:06.730,DATA,0x0013,0x0013,18,-62,1,74,,,,,
16:57:07.075,DATA,0x0023,0x0023,16,-52,1,94,,,,,
16:57:07.204,DATA,0x0034,0x0019,18,-62,2,205,,,,,
16:57:07.281,DATA,0x0020,0x0013,18,-63,2,233,,,,,
16:57:08.136,DATA,0x0019,0x0019,19,-63,1,65,,,,,
16:57:08.542,DATA,0x0003,0x0003,19,-60,1,71,,,,,
16:57:08.834,DATA,0x0013,0x0013,19,-67,1,62,,,,,
16:57:09.214,DATA,0x0023,0x0023,17,-48,1,90,,,,,
16:57:09.275,DATA,0x0020,0x0013,19,-65,2,212,,,,,
16:57:09.545,DATA,0x0034,0x0019,19,-64,2,460,,,,,
16:57:10.192,DATA,0x0019,0x0019,20,-67,1,63,,,,,
16:57:10.579,DATA,0x0003,0x0003,20,-63,1,63,,,,,
16:57:10.932,DATA,0x0013,0x0013,20,-69,1,68,,,,,
16:57:11.325,DATA,0x0023,0x0023,18,-52,1,88,,,,,
16:57:11.402,DATA,0x0034,0x0019,20,-67,2,207,,,,,
16:57:11.676,DATA,0x0020,0x0019,20,-75,2,405,,,,,
16:57:12.211,DATA,0x0019,0x0019,21,-67,1,66,,,,,
16:57:12.316,HEARTBEAT,0x0023,0x0023,,-47,1,,,,,,
16:57:12.620,DATA,0x0003,0x0003,21,-62,1,61,,,,,
16:57:12.989,DATA,0x0013,0x0013,21,-64,1,98,,,,,
16:57:13.346,DATA,0x0023,0x0023,19,-48,1,94,,,,,
16:57:13.414,DATA,0x0034,0x0019,21,-68,2,186,,,,,
16:57:13.598,DATA,0x0020,0x0019,21,-62,2,234,,,,,
16:57:14.403,DATA,0x0019,0x0019,22,-61,1,68,,,,,
16:57:14.684,DATA,0x0003,0x0003,22,-62,1,60,,,,,
16:57:15.029,DATA,0x0013,0x0013,22,-58,1,62,,,,,
16:57:15.442,DATA,0x0023,0x0023,20,-53,1,106,,,,,
16:57:15.572,DATA,0x0034,0x0019,22,-62,2,269,,,,,
16:57:15.762,DATA,0x0020,0x0019,22,-62,2,285,,,,,
16:57:16.580,DATA,0x0019,0x0019,23,-65,1,65,,,,,
16:57:16.794,DATA,0x0003,0x0003,23,-65,1,61,,,,,
16:57:17.168,DATA,0x0013,0x0013,23,-62,1,67,,,,,
16:57:17.473,DATA,0x0023,0x0023,21,-48,1,88,,,,,
16:57:17.758,DATA,0x0034,0x0019,23,-62,2,298,,,,,
16:57:18.656,DATA,0x0019,0x0019,24,-64,1,64,,,,,
16:57:18.901,DATA,0x0003,0x0003,24,-59,1,65,,,,,
16:57:19.342,DATA,0x0013,0x0013,24,-58,1,72,,,,,
16:57:19.707,DATA,0x0023,0x0023,22,-48,1,158,,,,,
16:57:19.869,DATA,0x0034,0x0019,24,-66,2,359,,,,,
16:57:20.730,DATA,0x0019,0x0019,25,-65,1,139,,,,,
16:57:21.074,DATA,0x0003,0x0003,25,-61,1,122,,,,,
16:57:21.558,DATA,0x0013,0x0013,25,-60,1,88,,,,,
16:57:21.772,DATA,0x0023,0x0023,23,-48,1,85,,,,,
16:57:21.901,DATA,0x0034,0x0019,25,-62,2,256,,,,,
16:57:22.771,DATA,0x0019,0x0019,26,-65,1,60,,,,,
16:57:23.025,DATA,0x0003,0x0003,26,-71,1,68,,,,,
16:57:23.550,DATA,0x0013,0x0013,26,-60,1,69,,,,,
16:57:23.939,DATA,0x0034,0x0019,26,-65,2,200,,,,,
16:57:24.085,DATA,0x0023,0x0023,24,-48,1,216,,,,,
16:57:24.240,DATA,0x0020,0x0019,26,-62,2,331,,,,,
16:57:24.799,DATA,0x0019,0x0019,27,-62,1,59,,,,,
16:57:25.216,DATA,0x0003,0x0003,27,-65,1,63,,,,,
16:57:25.718,DATA,0x0013,0x0013,27,-60,1,71,,,,,
16:57:26.059,DATA,0x0034,0x0019,27,-61,2,196,,,,,
16:57:26.109,DATA,0x0023,0x0023,25,-48,1,87,,,,,
16:57:26.297,DATA,0x0020,0x0019,27,-61,2,293,,,,,
16:57:26.838,DATA,0x0019,0x0019,28,-65,1,64,,,,,
16:57:27.246,DATA,0x0003,0x0003,28,-73,1,68,,,,,
16:57:27.782,DATA,0x0013,0x0013,28,-59,1,64,,,,,
16:57:28.098,DATA,0x0034,0x0019,28,-61,2,195,,,,,
16:57:28.254,DATA,0x0023,0x0023,26,-53,1,93,,,,,
16:57:28.320,DATA,0x0020,0x0019,28,-65,2,237,,,,,
16:57:28.853,DATA,0x0019,0x0019,29,-65,1,62,,,,,
16:57:29.283,DATA,0x0003,0x0003,29,-58,1,66,,,,,
16:57:29.986,DATA,0x0013,0x0013,29,-64,1,69,,,,,
16:57:30.132,DATA,0x0034,0x0019,29,-65,2,200,,,,,
16:57:30.364,DATA,0x0020,0x0019,29,-61,2,232,,,,,
16:57:30.529,DATA,0x0023,0x0023,27,-53,1,202,,,,,
16:57:31.030,DATA,0x0019,0x0019,30,-65,1,61,,,,,
16:57:31.398,DATA,0x0003,0x0003,30,-62,1,68,,,,,
16:57:32.036,DATA,0x0013,0x0013,30,-63,1,69,,,,,
16:57:32.177,DATA,0x0034,0x0019,30,-61,2,199,,,,,
16:57:32.374,DATA,0x0020,0x0019,30,-65,2,216,,,,,
16:57:32.614,DATA,0x0023,0x0023,28,-47,1,94,,,,,
16:57:33.195,DATA,0x0019,0x0019,31,-65,1,64,,,,,
16:57:33.461,DATA,0x0003,0x0003,31,-71,1,65,,,,,
16:57:34.211,DATA,0x0013,0x0013,31,-64,1,64,,,,,
16:57:34.425,DATA,0x0034,0x0019,31,-62,2,358,,,,,
16:57:34.776,DATA,0x0023,0x0023,29,-48,1,93,,,,,
16:57:35.308,DATA,0x0019,0x0019,32,-62,1,62,,,,,
16:57:35.607,DATA,0x0003,0x0003,32,-69,1,63,,,,,
16:57:36.297,DATA,0x0013,0x0013,32,-58,1,66,,,,,
16:57:36.406,DATA,0x0034,0x0019,32,-62,2,202,,,,,
16:57:36.621,DATA,0x0020,0x0019,32,-66,2,216,,,,,
16:57:36.941,DATA,0x0023,0x0023,30,-48,1,93,,,,,
16:57:37.412,DATA,0x0019,0x0019,33,-66,1,62,,,,,
16:57:37.700,DATA,0x0003,0x0003,33,-64,1,89,,,,,
16:57:38.479,DATA,0x0013,0x0013,33,-57,1,66,,,,,
16:57:38.634,DATA,0x0034,0x0019,33,-62,2,317,,,,,
16:57:39.092,DATA,0x0023,0x0023,31,-48,1,92,,,,,
16:57:39.577,DATA,0x0019,0x0019,34,-62,1,66,,,,,
16:57:39.673,DATA,0x0003,0x0003,34,-68,1,61,,,,,
16:57:40.521,DATA,0x0013,0x0013,34,-57,1,68,,,,,
16:57:40.924,DATA,0x0020,0x0019,34,-65,2,234,,,,,
16:57:41.258,DATA,0x0023,0x0023,32,-48,1,89,,,,,
16:57:41.665,DATA,0x0019,0x0019,35,-67,1,66,,,,,
16:57:41.812,DATA,0x0003,0x0003,35,-66,1,180,,,,,
16:57:42.655,DATA,0x0013,0x0013,35,-60,1,68,,,,,
16:57:42.824,DATA,0x0034,0x0019,35,-64,2,233,,,,,
16:57:43.279,DATA,0x0023,0x0023,33,-48,1,93,,,,,
16:57:43.731,DATA,0x0019,0x0019,36,-84,1,67,,,,,
16:57:43.811,DATA,0x0003,0x0003,36,-59,1,62,,,,,
16:57:44.846,DATA,0x0013,0x0013,36,-65,1,150,,,,,
16:57:44.991,DATA,0x0034,0x0019,36,-68,2,266,,,,,
16:57:45.450,DATA,0x0023,0x0023,34,-52,1,92,,,,,
16:57:45.771,DATA,0x0019,0x0019,37,-74,1,66,,,,,
16:57:45.829,DATA,0x0003,0x0003,37,-60,1,59,,,,,
16:57:46.843,DATA,0x0013,0x0013,37,-57,1,61,,,,,
16:57:47.109,DATA,0x0034,0x0013,37,-65,2,201,,,,,
16:57:47.351,DATA,0x0020,0x0019,37,-67,2,348,,,,,
16:57:47.492,DATA,0x0023,0x0023,35,-48,1,95,,,,,
16:57:47.942,DATA,0x0019,0x0019,38,-67,1,64,,,,,
16:57:48.088,DATA,0x0003,0x0003,38,-62,1,167,,,,,
16:57:48.978,DATA,0x0013,0x0013,38,-66,1,68,,,,,
16:57:49.163,DATA,0x0034,0x0013,38,-59,2,199,,,,,
16:57:49.393,DATA,0x0020,0x0019,38,-64,2,217,,,,,
16:57:49.615,DATA,0x0023,0x0023,36,-48,1,93,,,,,
16:57:50.011,DATA,0x0019,0x0019,39,-64,1,72,,,,,
16:57:50.137,DATA,0x0003,0x0003,39,-79,1,167,,,,,
16:57:51.116,DATA,0x0013,0x0013,39,-59,1,64,,,,,
16:57:51.358,DATA,0x0034,0x0013,39,-57,2,235,,,,,
16:57:51.557,DATA,0x0020,0x0013,39,-66,2,230,,,,,
16:57:51.705,DATA,0x0023,0x0023,37,-53,1,87,,,,,
16:57:52.022,DATA,0x0019,0x0019,40,-72,1,64,,,,,
16:57:52.161,DATA,0x0003,0x0003,40,-59,1,70,,,,,
16:57:53.380,DATA,0x0013,0x0013,40,-59,1,131,,,,,
16:57:53.799,DATA,0x0023,0x0023,38,-48,1,89,,,,,
16:57:54.204,DATA,0x0019,0x0019,41,-72,1,92,,,,,
16:57:54.325,DATA,0x0003,0x0003,41,-62,1,64,,,,,
16:57:55.501,DATA,0x0013,0x0013,41,-66,1,67,,,,,
16:57:55.679,DATA,0x0034,0x0019,41,-64,2,265,,,,,
16:57:55.846,DATA,0x0023,0x0023,39,-53,1,87,,,,,
16:57:56.012,DATA,0x0020,0x0019,41,-69,2,616,,,,,
16:57:56.237,DATA,0x0019,0x0019,42,-68,1,61,,,,,
16:57:56.491,DATA,0x0003,0x0003,42,-61,1,63,,,,,
16:57:57.662,DATA,0x0034,0x0013,42,-57,2,248,,,,,
16:57:58.031,DATA,0x0023,0x0023,40,-53,1,90,,,,,
16:57:58.287,DATA,0x0019,0x0019,43,-68,1,71,,,,,
16:57:58.517,DATA,0x0003,0x0003,43,-58,1,86,,,,,
16:57:59.717,DATA,0x0020,0x0013,43,-57,2,222,,,,,
16:58:00.021,DATA,0x0034,0x0013,43,-65,2,502,,,,,
16:58:00.154,DATA,0x0023,0x0023,41,-48,1,199,,,,,
16:58:00.384,DATA,0x0019,0x0019,44,-69,1,69,,,,,
16:58:00.572,DATA,0x0003,0x0003,44,-62,1,68,,,,,
16:58:01.693,DATA,0x0020,0x0013,44,-56,2,229,,,,,
16:58:01.854,DATA,0x0013,0x0013,44,-65,1,135,,,,,
16:58:02.079,DATA,0x0023,0x0023,42,-49,1,95,,,,,
16:58:02.426,DATA,0x0019,0x0019,45,-72,1,63,,,,,
16:58:02.698,DATA,0x0003,0x0003,45,-85,1,63,,,,,
16:58:03.718,DATA,0x0020,0x0013,45,-65,2,220,,,,,
16:58:03.825,DATA,0x0013,0x0013,45,-57,1,83,,,,,
16:58:04.007,DATA,0x0034,0x0013,45,-65,2,210,,,,,
16:58:04.135,DATA,0x0023,0x0023,43,-48,1,92,,,,,
16:58:04.521,DATA,0x0019,0x0019,46,-65,1,61,,,,,
16:58:04.785,DATA,0x0003,0x0003,46,-83,1,68,,,,,
16:58:05.886,DATA,0x0020,0x0013,46,-59,2,305,,,,,
16:58:06.073,DATA,0x0034,0x0013,46,-59,2,223,,,,,
16:58:06.290,DATA,0x0023,0x0023,44,-48,1,90,,,,,
16:58:06.595,DATA,0x0019,0x0019,47,-72,1,66,,,,,
16:58:06.948,DATA,0x0003,0x0003,47,-58,1,68,,,,,
16:58:07.895,DATA,0x0020,0x0013,47,-65,2,219,,,,,
16:58:08.066,DATA,0x0034,0x0013,47,-65,2,199,,,,,
16:58:08.344,DATA,0x0023,0x0023,45,-53,1,96,,,,,
16:58:08.755,DATA,0x0019,0x0019,48,-70,1,87,,,,,
16:58:08.954,DATA,0x0003,0x0003,48,-79,1,62,,,,,
16:58:10.053,DATA,0x0020,0x0013,48,-65,2,220,,,,,
16:58:10.282,DATA,0x0034,0x0013,48,-59,2,395,,,,,
16:58:10.347,DATA,0x0023,0x0023,46,-48,1,88,,,,,
16:58:10.839,DATA,0x0019,0x0019,49,-72,1,62,,,,,
16:58:11.175,DATA,0x0003,0x0003,49,-58,1,81,,,,,
16:58:12.348,DATA,0x0020,0x0013,49,-57,2,372,,,,,
16:58:12.552,DATA,0x0023,0x0023,47,-48,1,90,,,,,
16:58:13.003,DATA,0x0019,0x0019,50,-71,1,62,,,,,
16:58:13.208,DATA,0x0003,0x0003,50,-62,1,63,,,,,
16:58:14.349,DATA,0x0013,0x0013,50,-60,1,121,,,,,
16:58:14.545,DATA,0x0023,0x0023,48,-49,1,88,,,,,
16:58:15.058,DATA,0x0019,0x0019,51,-70,1,64,,,,,
16:58:15.263,DATA,0x0003,0x0003,51,-62,1,67,,,,,
16:58:16.516,DATA,0x0020,0x0013,51,-60,2,274,,,,,
16:58:16.736,DATA,0x0023,0x0023,49,-48,1,94,,,,,
16:58:17.123,DATA,0x0019,0x0019,52,-71,1,62,,,,,
16:58:17.288,DATA,0x0003,0x0003,52,-58,1,63,,,,,
16:58:18.538,DATA,0x0020,0x0013,52,-57,2,229,,,,,
16:58:18.726,DATA,0x0034,0x0013,52,-57,2,208,,,,,
16:58:18.881,DATA,0x0023,0x0023,50,-53,1,195,,,,,
16:58:19.200,DATA,0x0019,0x0019,53,-71,1,63,,,,,
16:58:19.378,DATA,0x0003,0x0003,53,-59,1,116,,,,,
16:58:20.673,DATA,0x0020,0x0013,53,-65,2,221,,,,,
16:58:20.778,DATA,0x0023,0x0023,51,-48,1,91,,,,,
16:58:20.854,DATA,0x0034,0x0013,53,-66,2,203,,,,,
16:58:21.277,DATA,0x0019,0x0019,54,-70,1,62,,,,,
16:58:21.404,DATA,0x0003,0x0003,54,-62,1,62,,,,,
16:58:22.791,DATA,0x0020,0x0013,54,-60,2,229,,,,,
16:58:22.966,DATA,0x0023,0x0023,52,-49,1,89,,,,,
16:58:23.072,DATA,0x0034,0x0013,54,-60,2,329,,,,,
16:58:23.397,DATA,0x0019,0x0019,55,-64,1,69,,,,,
16:58:23.558,DATA,0x0003,0x0003,55,-62,1,68,,,,,
16:58:24.888,DATA,0x0020,0x0013,55,-60,2,308,,,,,
16:58:25.151,DATA,0x0023,0x0023,53,-48,1,118,,,,,
16:58:25.535,DATA,0x0019,0x0019,56,-67,1,190,,,,,
16:58:25.732,DATA,0x0003,0x0003,56,-58,1,65,,,,,
16:58:26.839,DATA,0x0020,0x0013,56,-59,2,224,,,,,
16:58:27.046,DATA,0x0013,0x0013,56,-59,1,66,,,,,
16:58:27.279,DATA,0x0023,0x0023,54,-48,1,88,,,,,
16:58:27.608,DATA,0x0019,0x0019,57,-67,1,67,,,,,
16:58:27.850,DATA,0x0003,0x0003,57,-74,1,62,,,,,
16:58:28.135,EVENT,TEST_STOP,Finished,,,,,,,,,
16:58:29.584,REPORT,0x0003,,59,,,,12,0,0,57,96.61
16:58:29.688,REPORT,0x0019,,108,,,,12,0,0,57,52.78
16:58:29.789,REPORT,0x0013,,83,,,,11,0,0,45,54.22
16:58:32.986,REPORT,0x0023,,54,,,,12,3,1,53,98.15
16:58:52.766,EVENT,TEST_START,Duration_ms=120000,,,,,,,,,
16:58:54.188,DATA,0x0013,0x0013,1,-58,1,69,,,,,
16:58:54.376,DATA,0x0019,0x0019,1,-66,1,61,,,,,
16:58:54.513,DATA,0x0034,0x0013,1,-63,2,316,,,,,
16:58:54.759,DATA,0x0003,0x0003,1,-62,1,120,,,,,
16:58:54.930,DATA,0x0023,0x0023,1,-54,1,460,,,,,
16:58:55.135,DATA,0x0020,0x0003,1,-69,2,292,,,,,
16:58:56.252,DATA,0x0013,0x0013,2,-58,1,70,,,,,
16:58:56.420,DATA,0x0019,0x0019,2,-66,1,66,,,,,
16:58:56.567,DATA,0x0034,0x0013,2,-56,2,193,,,,,
16:58:56.654,DATA,0x0023,0x0023,2,-53,1,98,,,,,
16:58:56.763,DATA,0x0003,0x0003,2,-60,1,91,,,,,
16:58:57.117,DATA,0x0020,0x0013,2,-56,2,202,,,,,
16:58:58.314,DATA,0x0013,0x0013,3,-56,1,74,,,,,
16:58:58.474,DATA,0x0019,0x0019,3,-67,1,60,,,,,
16:58:58.711,DATA,0x0034,0x0013,3,-58,2,198,,,,,
16:58:58.831,DATA,0x0003,0x0003,3,-62,1,67,,,,,
16:58:59.080,DATA,0x0023,0x0023,3,-48,1,330,,,,,
16:58:59.257,DATA,0x0020,0x0013,3,-58,2,326,,,,,
16:59:00.437,DATA,0x0013,0x0013,4,-58,1,78,,,,,
16:59:00.608,DATA,0x0019,0x0019,4,-73,1,62,,,,,
16:59:00.845,DATA,0x0034,0x0013,4,-55,2,205,,,,,
16:59:00.970,DATA,0x0003,0x0003,4,-75,1,166,,,,,
16:59:01.139,DATA,0x0023,0x0023,4,-48,1,338,,,,,
16:59:01.199,DATA,0x0020,0x0013,4,-56,2,185,,,,,
16:59:02.563,DATA,0x0013,0x0013,5,-56,1,69,,,,,
16:59:02.670,DATA,0x0019,0x0019,5,-75,1,66,,,,,
16:59:02.902,DATA,0x0023,0x0023,5,-48,1,70,,,,,
16:59:03.020,DATA,0x0034,0x0013,5,-56,2,207,,,,,
16:59:03.162,DATA,0x0003,0x0003,5,-63,1,164,,,,,
16:59:03.408,DATA,0x0020,0x0013,5,-64,2,213,,,,,
16:59:04.788,DATA,0x0013,0x0013,6,-64,1,122,,,,,
16:59:05.021,DATA,0x0019,0x0019,6,-74,1,326,,,,,
16:59:05.161,DATA,0x0023,0x0023,6,-48,1,180,,,,,
16:59:05.300,DATA,0x0034,0x0013,6,-58,2,313,,,,,
16:59:05.435,DATA,0x0003,0x0003,6,-58,1,433,,,,,
16:59:05.580,DATA,0x0020,0x0013,6,-64,2,204,,,,,
16:59:06.751,DATA,0x0019,0x0019,7,-68,1,65,,,,,
16:59:06.819,DATA,0x0013,0x0013,7,-58,1,73,,,,,
16:59:07.066,DATA,0x0023,0x0023,7,-48,1,72,,,,,
16:59:07.183,DATA,0x0003,0x0003,7,-63,1,91,,,,,
16:59:07.360,DATA,0x0034,0x0013,7,-58,2,197,,,,,
16:59:07.661,DATA,0x0020,0x0013,7,-64,2,202,,,,,
16:59:08.875,DATA,0x0019,0x0019,8,-82,1,96,,,,,
16:59:09.056,DATA,0x0013,0x0013,8,-57,1,231,,,,,
16:59:09.192,DATA,0x0023,0x0023,8,-48,1,203,,,,,
16:59:09.441,DATA,0x0003,0x0003,8,-74,1,328,,,,,
16:59:09.510,DATA,0x0034,0x0013,8,-56,2,212,,,,,
16:59:10.972,DATA,0x0013,0x0013,9,-64,1,69,,,,,
16:59:11.040,DATA,0x0019,0x0019,9,-86,1,76,,,,,
16:59:11.144,DATA,0x0023,0x0023,9,-48,1,67,,,,,
16:59:11.273,DATA,0x0003,0x0003,9,-64,1,65,,,,,
16:59:11.696,DATA,0x0034,0x0013,9,-64,2,202,,,,,
16:59:11.957,DATA,0x0020,0x0013,9,-58,2,406,,,,,
16:59:12.990,DATA,0x0013,0x0013,10,-57,1,66,,,,,
16:59:13.216,DATA,0x0019,0x0019,10,-77,1,60,,,,,
16:59:13.322,DATA,0x0023,0x0023,10,-53,1,74,,,,,
16:59:13.486,DATA,0x0003,0x0003,10,-75,1,64,,,,,
16:59:13.756,DATA,0x0034,0x0013,10,-58,2,251,,,,,
16:59:15.126,DATA,0x0013,0x0013,11,-64,1,73,,,,,
16:59:15.273,DATA,0x0019,0x0019,11,-77,1,114,,,,,
16:59:15.498,DATA,0x0023,0x0023,11,-53,1,74,,,,,
16:59:15.612,DATA,0x0003,0x0003,11,-58,1,61,,,,,
16:59:15.848,DATA,0x0034,0x0019,11,-90,2,224,,,,,
16:59:16.012,DATA,0x0020,0x0019,11,-62,2,211,,,,,
16:59:17.291,DATA,0x0019,0x0019,12,-68,1,64,,,,,
16:59:17.394,DATA,0x0013,0x0013,12,-57,1,170,,,,,
16:59:17.473,DATA,0x0023,0x0023,12,-53,1,73,,,,,
16:59:17.800,DATA,0x0003,0x0003,12,-71,1,94,,,,,
16:59:18.049,DATA,0x0034,0x0019,12,-81,2,346,,,,,
16:59:19.413,DATA,0x0019,0x0019,13,-61,1,60,,,,,
16:59:19.898,DATA,0x0013,0x0013,13,-64,1,538,,,,,
16:59:20.038,DATA,0x0003,0x0003,13,-73,1,329,,,,,
16:59:21.708,DATA,0x0023,0x0023,14,-53,1,119,,,,,
16:59:21.824,DATA,0x0013,0x0013,14,-57,1,333,,,,,
16:59:22.241,DATA,0x0034,0x0019,14,-86,2,319,,,,,
16:59:22.440,DATA,0x0003,0x0003,14,-64,1,589,,,,,
16:59:23.523,DATA,0x0019,0x0019,15,-67,1,67,,,,,
16:59:23.648,DATA,0x0013,0x0013,15,-57,1,71,,,,,
16:59:23.791,DATA,0x0023,0x0023,15,-53,1,175,,,,,
16:59:23.955,DATA,0x0003,0x0003,15,-70,1,65,,,,,
16:59:24.208,DATA,0x0034,0x0019,15,-63,2,260,,,,,
16:59:25.690,DATA,0x0019,0x0019,16,-68,1,67,,,,,
16:59:25.844,DATA,0x0023,0x0023,16,-48,1,179,,,,,
16:59:25.927,DATA,0x0013,0x0013,16,-58,1,334,,,,,
16:59:26.073,DATA,0x0003,0x0003,16,-62,1,114,,,,,
16:59:26.245,DATA,0x0034,0x0019,16,-67,2,199,,,,,
16:59:26.429,DATA,0x0020,0x0013,16,-58,2,290,,,,,
16:59:27.744,DATA,0x0013,0x0013,17,-58,1,69,,,,,
16:59:27.928,DATA,0x0019,0x0019,17,-68,1,236,,,,,
16:59:28.181,DATA,0x0003,0x0003,17,-72,1,93,,,,,
16:59:28.348,DATA,0x0034,0x0019,17,-78,2,234,,,,,
16:59:28.467,DATA,0x0020,0x0013,17,-64,2,297,,,,,
16:59:29.833,DATA,0x0013,0x0013,18,-64,1,115,,,,,
16:59:29.903,DATA,0x0019,0x0019,18,-81,1,62,,,,,
16:59:30.063,DATA,0x0023,0x0023,18,-48,1,67,,,,,
16:59:30.253,DATA,0x0003,0x0003,18,-72,1,65,,,,,
16:59:30.548,DATA,0x0020,0x0013,18,-64,2,247,,,,,
16:59:30.686,DATA,0x0034,0x0019,18,-81,2,384,,,,,
16:59:31.862,DATA,0x0013,0x0013,19,-57,1,87,,,,,
16:59:32.038,DATA,0x0019,0x0019,19,-79,1,66,,,,,
16:59:32.132,DATA,0x0023,0x0023,19,-48,1,70,,,,,
16:59:32.281,DATA,0x0003,0x0003,19,-58,1,68,,,,,
16:59:32.648,DATA,0x0020,0x0013,19,-56,2,203,,,,,
16:59:32.797,DATA,0x0034,0x0019,19,-68,2,312,,,,,
16:59:33.926,DATA,0x0013,0x0013,20,-58,1,66,,,,,
16:59:34.051,DATA,0x0019,0x0019,20,-68,1,67,,,,,
16:59:34.346,DATA,0x0023,0x0023,20,-48,1,70,,,,,
16:59:34.600,DATA,0x0003,0x0003,20,-62,1,329,,,,,
16:59:34.690,DATA,0x0034,0x0019,20,-67,2,195,,,,,
16:59:34.876,DATA,0x0020,0x0013,20,-64,2,321,,,,,
16:59:36.038,DATA,0x0013,0x0013,21,-65,1,67,,,,,
16:59:36.226,DATA,0x0019,0x0019,21,-67,1,197,,,,,
16:59:36.428,DATA,0x0023,0x0023,21,-48,1,79,,,,,
16:59:36.589,DATA,0x0003,0x0003,21,-63,1,177,,,,,
16:59:36.792,DATA,0x0020,0x0013,21,-57,2,228,,,,,
16:59:38.209,DATA,0x0013,0x0013,22,-57,1,73,,,,,
16:59:38.332,DATA,0x0019,0x0019,22,-63,1,199,,,,,
16:59:38.585,DATA,0x0023,0x0023,22,-48,1,70,,,,,
16:59:38.656,DATA,0x0003,0x0003,22,-63,1,63,,,,,
16:59:38.825,DATA,0x0020,0x0013,22,-64,2,236,,,,,
16:59:39.119,DATA,0x0034,0x0013,22,-64,2,200,,,,,
16:59:40.273,DATA,0x0019,0x0019,23,-68,1,68,,,,,
16:59:40.394,DATA,0x0013,0x0013,23,-56,1,69,,,,,
16:59:40.711,DATA,0x0023,0x0023,23,-53,1,68,,,,,
16:59:40.841,DATA,0x0003,0x0003,23,-58,1,68,,,,,
16:59:41.054,DATA,0x0020,0x0013,23,-57,2,414,,,,,
16:59:42.308,DATA,0x0019,0x0019,24,-78,1,61,,,,,
16:59:42.528,DATA,0x0013,0x0013,24,-64,1,97,,,,,
16:59:42.785,DATA,0x0023,0x0023,24,-48,1,132,,,,,
16:59:42.872,DATA,0x0003,0x0003,24,-63,1,73,,,,,
16:59:43.005,DATA,0x0020,0x0013,24,-56,2,313,,,,,
16:59:43.271,DATA,0x0034,0x0013,24,-56,2,256,,,,,
16:59:44.492,DATA,0x0019,0x0019,25,-62,1,60,,,,,
16:59:44.697,DATA,0x0013,0x0013,25,-57,1,75,,,,,
16:59:44.768,DATA,0x0023,0x0023,25,-53,1,79,,,,,
16:59:44.895,DATA,0x0003,0x0003,25,-58,1,65,,,,,
16:59:45.084,DATA,0x0020,0x0019,25,-62,2,211,,,,,
16:59:46.564,DATA,0x0019,0x0019,26,-68,1,91,,,,,
16:59:46.871,DATA,0x0013,0x0013,26,-56,1,67,,,,,
16:59:46.968,DATA,0x0003,0x0003,26,-73,1,62,,,,,
16:59:47.161,DATA,0x0023,0x0023,26,-48,1,337,,,,,
16:59:47.371,DATA,0x0020,0x0013,26,-56,2,369,,,,,
16:59:48.669,DATA,0x0019,0x0019,27,-63,1,89,,,,,
16:59:48.887,DATA,0x0013,0x0013,27,-64,1,78,,,,,
16:59:49.031,DATA,0x0023,0x0023,27,-48,1,172,,,,,
16:59:49.209,DATA,0x0003,0x0003,27,-58,1,195,,,,,
16:59:49.398,DATA,0x0020,0x0013,27,-57,2,349,,,,,
16:59:50.711,DATA,0x0019,0x0019,28,-80,1,60,,,,,
16:59:50.882,DATA,0x0013,0x0013,28,-58,1,64,,,,,
16:59:51.039,DATA,0x0023,0x0023,28,-48,1,69,,,,,
16:59:51.234,DATA,0x0003,0x0003,28,-71,1,62,,,,,
16:59:51.395,DATA,0x0020,0x0019,28,-67,2,200,,,,,
16:59:51.510,DATA,0x0034,0x0013,28,-58,2,207,,,,,
16:59:52.896,DATA,0x0019,0x0019,29,-67,1,82,,,,,
16:59:53.014,DATA,0x0013,0x0013,29,-56,1,71,,,,,
16:59:53.210,DATA,0x0023,0x0023,29,-48,1,76,,,,,
16:59:53.369,DATA,0x0003,0x0003,29,-58,1,65,,,,,
16:59:53.449,DATA,0x0020,0x0019,29,-62,2,190,,,,,
16:59:53.660,DATA,0x0034,0x0013,29,-57,2,202,,,,,
16:59:54.993,DATA,0x0019,0x0019,30,-68,1,62,,,,,
16:59:55.119,DATA,0x0013,0x0013,30,-56,1,67,,,,,
16:59:55.347,DATA,0x0023,0x0023,30,-53,1,68,,,,,
16:59:55.579,DATA,0x0003,0x0003,30,-58,1,117,,,,,
16:59:57.089,DATA,0x0019,0x0019,31,-62,1,69,,,,,
16:59:57.241,DATA,0x0013,0x0013,31,-64,1,170,,,,,
16:59:57.402,DATA,0x0023,0x0023,31,-48,1,70,,,,,
16:59:57.600,DATA,0x0003,0x0003,31,-62,1,67,,,,,
16:59:57.812,DATA,0x0020,0x0019,31,-62,2,234,,,,,
16:59:57.899,DATA,0x0034,0x0013,31,-57,2,215,,,,,
16:59:59.128,DATA,0x0019,0x0019,32,-68,1,65,,,,,
16:59:59.285,DATA,0x0013,0x0013,32,-57,1,70,,,,,
16:59:59.516,DATA,0x0023,0x0023,32,-48,1,68,,,,,
16:59:59.755,DATA,0x0003,0x0003,32,-63,1,88,,,,,
16:59:59.856,DATA,0x0020,0x0019,32,-68,2,194,,,,,
16:59:59.949,DATA,0x0034,0x0013,32,-65,2,204,,,,,
17:00:01.201,DATA,0x0019,0x0019,33,-68,1,64,,,,,
17:00:01.368,DATA,0x0013,0x0013,33,-65,1,72,,,,,
17:00:01.684,DATA,0x0023,0x0023,33,-48,1,71,,,,,
17:00:01.899,DATA,0x0003,0x0003,33,-71,1,68,,,,,
17:00:02.123,DATA,0x0034,0x0013,33,-56,2,225,,,,,
17:00:03.391,DATA,0x0019,0x0019,34,-62,1,68,,,,,
17:00:03.571,DATA,0x0013,0x0013,34,-56,1,214,,,,,
17:00:03.775,DATA,0x0023,0x0023,34,-48,1,71,,,,,
17:00:03.977,DATA,0x0003,0x0003,34,-63,1,63,,,,,
17:00:04.174,DATA,0x0034,0x0013,34,-64,2,200,,,,,
17:00:04.444,DATA,0x0020,0x0003,34,-72,2,491,,,,,
17:00:05.486,DATA,0x0019,0x0019,35,-62,1,117,,,,,
17:00:05.648,DATA,0x0013,0x0013,35,-56,1,189,,,,,
17:00:05.807,DATA,0x0023,0x0023,35,-53,1,74,,,,,
17:00:06.122,DATA,0x0003,0x0003,35,-71,1,66,,,,,
17:00:06.236,DATA,0x0020,0x0019,35,-62,2,209,,,,,
17:00:06.298,DATA,0x0034,0x0013,35,-57,2,320,,,,,
17:00:07.665,DATA,0x0019,0x0019,36,-80,1,119,,,,,
17:00:07.903,DATA,0x0023,0x0023,36,-48,1,66,,,,,
17:00:08.029,DATA,0x0013,0x0013,36,-57,1,446,,,,,
17:00:08.190,DATA,0x0003,0x0003,36,-72,1,67,,,,,
17:00:08.297,DATA,0x0034,0x0013,36,-64,2,192,,,,,
17:00:08.491,DATA,0x0020,0x0019,36,-68,2,456,,,,,
17:00:09.738,DATA,0x0019,0x0019,37,-68,1,97,,,,,
17:00:10.011,DATA,0x0013,0x0013,37,-57,1,322,,,,,
17:00:10.092,DATA,0x0023,0x0023,37,-48,1,74,,,,,
17:00:10.277,DATA,0x0020,0x0019,37,-68,2,210,,,,,
17:00:10.373,DATA,0x0003,0x0003,37,-72,1,63,,,,,
17:00:10.578,DATA,0x0034,0x0013,37,-57,2,460,,,,,
17:00:11.752,DATA,0x0019,0x0019,38,-62,1,62,,,,,
17:00:11.885,DATA,0x0013,0x0013,38,-64,1,174,,,,,
17:00:12.101,DATA,0x0023,0x0023,38,-48,1,74,,,,,
17:00:12.406,DATA,0x0034,0x0013,38,-64,2,225,,,,,
17:00:12.540,DATA,0x0020,0x0019,38,-62,2,300,,,,,
17:00:12.653,DATA,0x0003,0x0003,38,-73,1,169,,,,,
17:00:13.796,DATA,0x0019,0x0019,39,-62,1,62,,,,,
17:00:13.869,DATA,0x0013,0x0013,39,-57,1,77,,,,,
17:00:14.305,DATA,0x0023,0x0023,39,-53,1,87,,,,,
17:00:14.415,DATA,0x0034,0x0013,39,-56,2,211,,,,,
17:00:14.513,DATA,0x0020,0x0019,39,-62,2,200,,,,,
17:00:14.640,DATA,0x0003,0x0003,39,-73,1,68,,,,,
17:00:15.858,DATA,0x0019,0x0019,40,-62,1,61,,,,,
17:00:16.004,DATA,0x0013,0x0013,40,-64,1,67,,,,,
17:00:16.497,DATA,0x0023,0x0023,40,-48,1,94,,,,,
17:00:16.580,DATA,0x0020,0x0019,40,-68,2,209,,,,,
17:00:16.750,DATA,0x0034,0x0013,40,-64,2,475,,,,,
17:00:16.899,DATA,0x0003,0x0003,40,-58,1,168,,,,,
17:00:17.921,DATA,0x0019,0x0019,41,-81,1,85,,,,,
17:00:18.206,DATA,0x0013,0x0013,41,-64,1,72,,,,,
17:00:18.575,DATA,0x0023,0x0023,41,-53,1,74,,,,,
17:00:18.664,DATA,0x0034,0x0013,41,-64,2,254,,,,,
17:00:18.853,DATA,0x0020,0x0019,41,-68,2,340,,,,,
17:00:18.993,DATA,0x0003,0x0003,41,-73,1,65,,,,,
17:00:19.934,DATA,0x0019,0x0019,42,-68,1,63,,,,,
17:00:20.393,DATA,0x0013,0x0013,42,-56,1,67,,,,,
17:00:20.674,DATA,0x0023,0x0023,42,-48,1,69,,,,,
17:00:20.756,DATA,0x0034,0x0013,42,-64,2,298,,,,,
17:00:20.849,DATA,0x0020,0x0019,42,-68,2,241,,,,,
17:00:21.187,DATA,0x0003,0x0003,42,-62,1,61,,,,,
17:00:22.084,DATA,0x0019,0x0019,43,-68,1,65,,,,,
17:00:22.468,DATA,0x0013,0x0013,43,-57,1,67,,,,,
17:00:22.816,DATA,0x0023,0x0023,43,-53,1,74,,,,,
17:00:22.871,DATA,0x0020,0x0019,43,-81,2,199,,,,,
17:00:23.104,DATA,0x0034,0x0013,43,-56,2,467,,,,,
17:00:23.195,DATA,0x0003,0x0003,43,-62,1,68,,,,,
17:00:24.223,DATA,0x0019,0x0019,44,-83,1,66,,,,,
17:00:24.655,DATA,0x0013,0x0013,44,-56,1,70,,,,,
17:00:24.891,DATA,0x0023,0x0023,44,-48,1,74,,,,,
17:00:25.031,DATA,0x0034,0x0013,44,-57,2,199,,,,,
17:00:25.089,DATA,0x0020,0x0019,44,-62,2,282,,,,,
17:00:25.364,DATA,0x0003,0x0003,44,-58,1,89,,,,,
17:00:26.404,DATA,0x0019,0x0019,45,-83,1,60,,,,,
17:00:26.668,DATA,0x0013,0x0013,45,-58,1,73,,,,,
17:00:26.925,DATA,0x0023,0x0023,45,-48,1,72,,,,,
17:00:27.268,DATA,0x0020,0x0013,45,-57,2,282,,,,,
17:00:27.462,DATA,0x0034,0x0013,45,-56,2,458,,,,,
17:00:27.632,DATA,0x0003,0x0003,45,-70,1,202,,,,,
17:00:28.512,DATA,0x0019,0x0019,46,-63,1,67,,,,,
17:00:28.773,DATA,0x0013,0x0013,46,-56,1,71,,,,,
17:00:29.057,DATA,0x0023,0x0023,46,-48,1,68,,,,,
17:00:29.291,DATA,0x0020,0x0013,46,-64,2,203,,,,,
17:00:29.528,DATA,0x0034,0x0013,46,-58,2,372,,,,,
17:00:29.692,DATA,0x0003,0x0003,46,-58,1,65,,,,,
17:00:30.599,DATA,0x0019,0x0019,47,-79,1,61,,,,,
17:00:30.856,DATA,0x0013,0x0013,47,-58,1,75,,,,,
17:00:31.203,DATA,0x0023,0x0023,47,-48,1,72,,,,,
17:00:31.289,DATA,0x0020,0x0013,47,-64,2,201,,,,,
17:00:31.554,DATA,0x0034,0x0019,47,-68,2,195,,,,,
17:00:31.682,DATA,0x0003,0x0003,47,-74,1,60,,,,,
17:00:32.669,DATA,0x0019,0x0019,48,-67,1,60,,,,,
17:00:32.908,DATA,0x0013,0x0013,48,-55,1,71,,,,,
17:00:33.317,DATA,0x0020,0x0013,48,-65,2,200,,,,,
17:00:33.445,DATA,0x0023,0x0023,48,-48,1,180,,,,,
17:00:33.702,DATA,0x0003,0x0003,48,-62,1,64,,,,,
17:00:33.858,DATA,0x0034,0x0019,48,-81,2,339,,,,,
17:00:34.686,DATA,0x0019,0x0019,49,-68,1,65,,,,,
17:00:35.051,DATA,0x0013,0x0013,49,-63,1,96,,,,,
17:00:35.406,DATA,0x0023,0x0023,49,-53,1,73,,,,,
17:00:35.639,DATA,0x0020,0x0013,49,-56,2,400,,,,,
17:00:35.858,DATA,0x0034,0x0013,49,-57,2,200,,,,,
17:00:36.048,DATA,0x0003,0x0003,49,-73,1,228,,,,,
17:00:36.860,DATA,0x0019,0x0019,50,-64,1,62,,,,,
17:00:37.200,DATA,0x0013,0x0013,50,-58,1,103,,,,,
17:00:37.537,DATA,0x0023,0x0023,50,-48,1,96,,,,,
17:00:37.741,DATA,0x0020,0x0019,50,-67,2,331,,,,,
17:00:37.995,DATA,0x0003,0x0003,50,-74,1,87,,,,,
17:00:38.130,DATA,0x0034,0x0013,50,-64,2,321,,,,,
17:00:39.002,DATA,0x0019,0x0019,51,-80,1,65,,,,,
17:00:39.212,DATA,0x0013,0x0013,51,-63,1,67,,,,,
17:00:39.587,DATA,0x0020,0x0019,51,-66,2,213,,,,,
17:00:39.736,DATA,0x0023,0x0023,51,-48,1,97,,,,,
17:00:40.000,DATA,0x0003,0x0003,51,-69,1,69,,,,,
17:00:40.122,DATA,0x0034,0x0013,51,-64,2,190,,,,,
17:00:41.186,DATA,0x0019,0x0019,52,-65,1,67,,,,,
17:00:41.312,DATA,0x0013,0x0013,52,-57,1,71,,,,,
17:00:41.781,DATA,0x0020,0x0013,52,-59,2,218,,,,,
17:00:41.857,DATA,0x0023,0x0023,52,-47,1,70,,,,,
17:00:42.097,DATA,0x0003,0x0003,52,-64,1,69,,,,,
17:00:42.179,DATA,0x0034,0x0013,52,-63,2,223,,,,,
17:00:43.339,DATA,0x0019,0x0019,53,-63,1,66,,,,,
17:00:43.459,DATA,0x0013,0x0013,53,-63,1,68,,,,,
17:00:43.788,DATA,0x0020,0x0013,53,-60,2,193,,,,,
17:00:43.935,DATA,0x0023,0x0023,53,-53,1,68,,,,,
17:00:44.243,DATA,0x0003,0x0003,53,-81,1,67,,,,,
17:00:44.305,DATA,0x0034,0x0013,53,-62,2,209,,,,,
17:00:45.521,DATA,0x0019,0x0019,54,-66,1,116,,,,,
17:00:45.649,DATA,0x0013,0x0013,54,-57,1,71,,,,,
17:00:45.916,DATA,0x0020,0x0003,54,-69,2,200,,,,,
17:00:46.061,DATA,0x0023,0x0023,54,-48,1,71,,,,,
17:00:46.233,DATA,0x0003,0x0003,54,-68,1,64,,,,,
17:00:46.356,DATA,0x0034,0x0019,54,-70,2,191,,,,,
17:00:47.615,DATA,0x0019,0x0019,55,-68,1,67,,,,,
17:00:47.711,DATA,0x0013,0x0013,55,-67,1,93,,,,,
17:00:48.076,DATA,0x0020,0x0003,55,-56,2,207,,,,,
17:00:48.200,DATA,0x0023,0x0023,55,-48,1,74,,,,,
17:00:48.374,DATA,0x0003,0x0003,55,-57,1,64,,,,,
17:00:48.545,DATA,0x0034,0x0019,55,-62,2,210,,,,,
17:00:49.675,DATA,0x0019,0x0019,56,-63,1,88,,,,,
17:00:49.891,DATA,0x0013,0x0013,56,-63,1,237,,,,,
17:00:50.312,DATA,0x0023,0x0023,56,-53,1,71,,,,,
17:00:50.440,DATA,0x0003,0x0003,56,-59,1,66,,,,,
17:00:50.627,DATA,0x0034,0x0013,56,-67,2,190,,,,,
17:00:51.750,DATA,0x0019,0x0019,57,-64,1,63,,,,,
17:00:51.829,DATA,0x0013,0x0013,57,-58,1,70,,,,,
17:00:52.334,DATA,0x0023,0x0023,57,-48,1,70,,,,,
17:00:52.489,DATA,0x0020,0x0013,57,-69,2,307,,,,,
17:00:52.627,DATA,0x0003,0x0003,57,-65,1,60,,,,,
17:00:52.820,EVENT,TEST_STOP,Finished,,,,,,,,,
17:00:54.704,REPORT,0x0013,,119,,,,12,0,0,57,47.90
17:00:55.335,REPORT,0x0023,,55,,,,12,0,0,55,100.00
17:00:57.377,REPORT,0x0019,,86,,,,12,0,0,56,65.12
17:00:57.718,REPORT,0x0003,,61,,,,12,0,0,57,93.44
